,Tempavg,Humavg,Windavg,Rainavg
0,18.281041666666667,65.9375,3,0
1,24.582083333333333,46.0625,5,4
2,23.510624999999997,14.104166666666668,3,0
3,22.188750000000002,41.6875,4,4
4,25.68479166666667,40.1875,4,4
